,0
0,窃取
1,渗透
2,打击
3,利用木马
4,销毁
5,攻击
6,复制
7,发现
8,感染
9,建立
10,建设
11,混淆
12,学习
13,自查
14,分析
15,状态
16,装载
17,信息
18,重定向
19,制造
20,制药
21,释放
22,监督
23,研究
24,制定
25,翻译
26,人员
27,接管
28,滞留
29,远程
30,传播
31,隐藏
32,越界写入
33,越界读取
34,桌面
35,功能
36,加载
37,管理
38,点击
39,诱惑
40,渗透攻击
41,泄露
42,大同市云冈区人民法院
43,渗透测试
44,排序
45,访问
46,诱导
47,游戏
48,邮件
49,分享
50,硬编码
51,应用程序
52,崩溃
53,引入
54,疑似
55,依赖于
56,输入
57,环境
58,分布
59,野外
60,演变为
61,循环请求
62,创建
63,性能
64,形成
65,行业
66,渗入
67,香港大学
68,下降
69,系统信息
70,洗钱
71,文件内部
72,网络资产
73,网络犯罪
74,挖掘
75,推断
76,突破
77,投资
78,投放
79,投递
80,填写
81,添加
82,替代
83,播放
84,加密
85,剔除
86,穿过
87,随着
88,搜索
89,数据库
90,收集
91,收集信息
92,闯入
93,编写
94,工具
95,运行
96,打印
97,工程
98,稍后
99,销售
100,战胜
101,扫描
102,弱口令
103,认为
104,全方位
105,趋于缓和
106,流程
107,开启
108,探测
109,炮击
110,欧洲
111,生产
112,暴露
113,拿到
114,目前
115,目的
116,目标
117,模板注入
118,喷洒
119,每个包都有自己的
120,枚举
121,蔓延
122,沦陷
123,解密
124,更新
125,流量
126,流量跳板
127,流向
128,浏览
129,聊天
130,发件
131,位置
132,有效载荷
133,空心化
134,空军总部
135,克隆
136,军事
137,拒绝服务
138,发帖
139,链接
140,做好
141,尽快
142,解决
143,揭露
144,交通
145,降低风险
146,转发
147,怀疑
148,监听
149,价值
150,进入
151,节点
152,基本上
153,获取
154,控制
155,保存
156,发射
157,回连
158,回款
159,溢出
160,互联网
161,操作
162,行动
163,黑产团伙
164,挂载
165,购买
166,共享
167,安全问题
168,向着火建筑喷水
169,公开发售
170,工作
171,发放
172,更换
173,跟踪
174,干预
175,分组
176,分配
177,反沙盒
178,独立
179,贿赂
180,电影
181,登录
182,盗版
183,弹出
184,打乱
185,差异
186,从而
187,开始
188,传输
189,传递
190,充值
191,擦除
192,重叠
193,不排除
194,不落地
195,博彩
196,公司
197,标记
198,遍历
199,展示
200,通常
201,接受
202,特洛伊木马
203,模型
204,进程
205,相似
206,设计
207,通信
208,函数
209,位于
210,跳转到
211,深入
212,以及
213,摆渡
214,提出
215,分类
216,误导
217,阻塞
218,至今
219,受欢迎
220,加强
221,附赠
222,放大
223,承诺
